Name	Edition	Price	Card Type	Color	Mana Value	Power	Quantity	Price (total)	Rarity	Toughness
Abomination of Gudul	Khans of Tarkir	R$ 0,83	Creature — Horror	Blue/Black/Green	{3}{B}{G}{U}	3	2	R$ 1,65	C	4
Absorb Vis	Duel Decks: Sorin vs. Tibalt	R$ 1,38	Sorcery	Black	{6}{B}	0	1	R$ 1,38	C	0
Abzan Guide	Khans of Tarkir	R$ 0,83	Creature — Human Warrior	White/Black/Green	{3}{W}{B}{G}	4	4	R$ 3,31	C	4
Acolyte of the Inferno	Magic Origins	R$ 1,16	Creature — Human Monk	Red	{2}{R}	3	2	R$ 2,32	U	1
Act of Treason	Khans of Tarkir	R$ 0,83	Sorcery	Red	{2}{R}	0	15	R$ 12,40	C	0
Aerial Volley	Magic Origins	R$ 0,83	Instant	Green	{G}	0	4	R$ 3,31	C	0
Aerie Bowmasters	Dragons of Tarkir	R$ 0,83	Creature — Dog Archer	Green	{2}{G}{G}	3	3	R$ 2,48	C	4
Affa Protector	The List	R$ 1,10	Creature — Human Soldier Ally	White	{2}{W}	1	2	R$ 2,21	C	4
Ainok Artillerist	Dragons of Tarkir	R$ 0,83	Creature — Dog Archer	Green	{2}{G}	4	3	R$ 2,48	C	1
Akoum Flameseeker	Oath of the Gatewatch	R$ 0,83	Creature — Human Shaman Ally	Red	{2}{R}	3	2	R$ 1,65	C	2
Akroan Jailer	Magic Origins	R$ 0,83	Creature — Human Soldier	White	{W}	1	2	R$ 1,65	C	1
Alchemist's Vial	The List	R$ 1,32	Artifact		{2}	0	3	R$ 3,97	C	0
All Suns' Dawn	The List	R$ 2,59	Sorcery	Green	{4}{G}	0	1	R$ 2,59	R	0
Ancestral Statue	Jumpstart	R$ 1,38	Artifact Creature — Golem		{4}	3	1	R$ 1,38	C	4
Anchor to the Aether	Jumpstart 2022	R$ 0,83	Sorcery	Blue	{2}{U}	0	5	R$ 4,13	U	0
Ancient Carp	Dragons of Tarkir	R$ 0,83	Creature — Fish	Blue	{4}{U}	2	1	R$ 0,83	C	5
Ancient Crab	Oath of the Gatewatch	R$ 0,94	Creature — Crab	Blue	{1}{U}{U}	1	1	R$ 0,94	C	5
Annul	Urza's Saga	R$ 3,03	Instant	Blue	{U}	0	2	R$ 6,06	C	0
Arcbound Worker	Duel Decks: Elspeth vs. Tezzeret	R$ 2,21	Artifact Creature — Construct		{1}	0	1	R$ 2,21	C	0
Arctic Merfolk	Planeshift	R$ 1,32	Creature — Merfolk	Blue	{1}{U}	1	1	R$ 1,32	C	1
Aspiring Aeronaut	Magic Origins	R$ 0,83	Creature — Human Artificer	Blue	{3}{U}	1	3	R$ 2,48	C	2
Atarka Beastbreaker	Dragons of Tarkir	R$ 0,83	Creature — Human Warrior	Green	{1}{G}	2	1	R$ 0,83	C	2
Atarka Efreet	The List	R$ 1,32	Creature — Efreet Shaman	Red	{3}{R}	5	1	R$ 1,32	C	1
Auramancer	Jumpstart 2022	R$ 0,83	Creature — Human Wizard	White	{2}{W}	2	2	R$ 1,65	C	2
Auratouched Mage	Ravnica: City of Guilds	R$ 1,49	Creature — Human Wizard	White	{5}{W}	3	1	R$ 1,49	U	3
Autochthon Wurm	Ravnica: City of Guilds	R$ 14,00	Creature — Wurm	White/Green	{10}{G}{G}{G}{W}{W}	9	1	R$ 14,00	R	14
Avarice Amulet	Magic 2015	R$ 2,21	Artifact — Equipment		{4}	0	1	R$ 2,21	R	0
Aven Battle Priest	Magic Origins	R$ 0,83	Creature — Bird Cleric	White	{5}{W}	3	2	R$ 1,65	C	3
Aven Cloudchaser	Tenth Edition	R$ 1,38	Creature — Bird Soldier	White	{3}{W}	2	1	R$ 1,38	C	2
Aven Tactician	Dragons of Tarkir	R$ 0,83	Creature — Bird Soldier	White	{4}{W}	2	1	R$ 0,83	C	3
Bathe in Light	Ravnica: City of Guilds	R$ 1,49	Instant	White	{1}{W}	0	2	R$ 2,98	U	0
Battlegrowth	Mirrodin	R$ 1,10	Instant	Green	{G}	0	1	R$ 1,10	C	0
Belligerent Brontodon	Ixalan	R$ 1,10	Creature — Dinosaur	White/Green	{5}{G}{W}	4	2	R$ 2,21	U	6
Bellows Lizard	The List	R$ 1,10	Creature — Lizard	Red	{R}	1	2	R$ 2,21	C	1
Blightcaster	Magic Origins	R$ 1,10	Creature — Human Wizard	Black	{3}{B}	2	4	R$ 4,41	U	3
Blinkmoth Well	Mirrodin	R$ 1,65	Land	Land		0	1	R$ 1,65	U	0
Bloodfire Expert	The List	R$ 1,10	Creature — Efreet Monk	Red	{2}{R}	3	1	R$ 1,10	C	1
Bloodfire Mentor	Khans of Tarkir	R$ 0,83	Creature — Efreet Shaman	Red	{2}{R}	0	1	R$ 0,83	C	5
Boggart Brute	Duel Decks: Merfolk vs. Goblins	R$ 1,10	Creature — Goblin Warrior	Red	{2}{R}	3	1	R$ 1,10	C	2
Bonded Construct	Magic Origins	R$ 0,83	Artifact Creature — Construct		{1}	2	7	R$ 5,79	C	1
Bone to Ash	Core Set 2019	R$ 1,10	Instant	Blue	{2}{U}{U}	0	3	R$ 3,31	U	0
Boneyard Wurm	Innistrad	R$ 1,38	Creature — Wurm	Green	{1}{G}	*	1	R$ 1,38	U	*
Boros Fury-Shield	Ravnica: City of Guilds	R$ 1,27	Instant	White	{2}{W}	0	1	R$ 1,27	C	0
Boros Recruit	Ravnica: City of Guilds	R$ 1,38	Creature — Goblin Soldier	White/Red	{R/W}	1	2	R$ 2,76	C	1
Boros Signet	Ravnica Remastered	R$ 3,31	Artifact		{2}	0	1	R$ 3,31	U	0
Bottled Cloister	Ravnica: City of Guilds	R$ 2,76	Artifact		{4}	0	1	R$ 2,76	R	0
Boulder Salvo	Oath of the Gatewatch	R$ 0,83	Sorcery	Red	{4}{R}	0	1	R$ 0,83	C	0
Bramble Elemental	Ravnica: City of Guilds	R$ 1,10	Creature — Elemental	Green	{3}{G}{G}	4	2	R$ 2,21	C	4
Brushland	Modern Horizons 3 Commander	R$ 16,54	Land	Land		0	1	R$ 16,54	R	0
Brute Strength	Duel Decks: Merfolk vs. Goblins	R$ 1,38	Instant	Red	{1}{R}	0	1	R$ 1,38	C	0
Cackling Fiend	Urza's Saga	R$ 1,32	Creature — Zombie	Black	{2}{B}{B}	2	1	R$ 1,32	C	1
Canopy Gorger	Oath of the Gatewatch	R$ 0,83	Creature — Wurm	Green	{4}{G}{G}	6	2	R$ 1,65	C	5
Canyon Lurkers	Khans of Tarkir	R$ 0,88	Creature — Human Rogue	Red	{4}{R}	5	1	R$ 0,88	C	2
Careful Study	Odyssey	R$ 11,85	Sorcery	Blue	{U}	0	1	R$ 11,85	C	0
Caregiver	Ravnica: City of Guilds	R$ 1,10	Creature — Human Cleric	White	{W}	1	2	R$ 2,21	C	1
Carven Caryatid	Ravnica: City of Guilds	R$ 2,15	Creature — Spirit	Green	{1}{G}{G}	2	1	R$ 2,15	U	5
Catacomb Slug	The List	R$ 1,10	Creature — Slug	Black	{4}{B}	2	1	R$ 1,10	C	6
Catalog	Eighth Edition	R$ 1,10	Instant	Blue	{2}{U}	0	1	R$ 1,10	C	0
Caustic Caterpillar	Magic Origins	R$ 1,43	Creature — Insect	Green	{G}	1	3	R$ 4,30	C	1
Centaur Safeguard	Ravnica: City of Guilds	R$ 1,05	Creature — Centaur Warrior	White/Green	{2}{G/W}	3	1	R$ 1,05	C	1
Cephalid Snitch	Torment	R$ 1,10	Creature — Octopus Wizard	Blue	{1}{U}	1	1	R$ 1,10	C	1
Champion of Arashin	The List	R$ 1,32	Creature — Dog Warrior	White	{3}{W}	3	1	R$ 1,32	C	2
Chandra's Fury	Magic 2013	R$ 1,05	Instant	Red	{4}{R}	0	1	R$ 1,05	C	0
Chandra, Flamecaller	Commander 2020	R$ 2,76	Legendary Planeswalker — Chandra	Red	{4}{R}{R}	0	1	R$ 2,76	M	0
Chant of Vitu-Ghazi	March of the Machine Commander	R$ 1,05	Instant	White	{6}{W}{W}	0	2	R$ 2,09	U	0
Chittering Rats	Darksteel	R$ 2,70	Creature — Rat	Black	{1}{B}{B}	2	1	R$ 2,70	C	2
Cinder Barrens	Oath of the Gatewatch	R$ 1,21	Land	Land		0	1	R$ 1,21	U	0
Cinder Hellion	Oath of the Gatewatch	R$ 0,83	Creature — Hellion	Red	{4}{R}	4	1	R$ 0,83	C	4
Citadel Castellan	The List	R$ 1,10	Creature — Human Knight	White/Green	{1}{G}{W}	2	1	R$ 1,10	U	3
Civic Wayfinder	Ravnica: City of Guilds	R$ 1,27	Creature — Elf Druid Warrior	Green	{2}{G}	2	1	R$ 1,27	C	2
Claustrophobia	Game Night 2019	R$ 1,10	Enchantment — Aura	Blue	{1}{U}{U}	0	1	R$ 1,10	C	0
Cleric of the Forward Order	Magic Origins	R$ 0,83	Creature — Human Cleric	White	{1}{W}	2	2	R$ 1,65	C	2
Cliffhaven Vampire	Oath of the Gatewatch	R$ 4,85	Creature — Vampire Warrior Ally	White/Black	{2}{W}{B}	2	1	R$ 4,85	U	4
Coastal Hornclaw	Eighth Edition	R$ 1,10	Creature — Bird	Blue	{4}{U}	3	1	R$ 1,10	C	3
Coiling Oracle	Commander Legends	R$ 1,10	Creature — Snake Elf Druid	Blue/Green	{G}{U}	1	1	R$ 1,10	C	1
Colossodon Yearling	Dragons of Tarkir	R$ 0,83	Creature — Beast	Green	{2}{G}	2	1	R$ 0,83	C	4
Commune with Nature	Champions of Kamigawa	R$ 1,10	Sorcery	Green	{G}	0	2	R$ 2,21	C	0
Comparative Analysis	Oath of the Gatewatch	R$ 0,83	Instant	Blue	{3}{U}	0	2	R$ 1,65	C	0
Conclave Equenaut	Ravnica: City of Guilds	R$ 1,10	Creature — Human Soldier	White	{4}{W}{W}	3	1	R$ 1,10	C	3
Conclave Naturalists	Magic Origins	R$ 1,10	Creature — Dryad	Green	{4}{G}	4	4	R$ 4,41	U	4
Conclave Phalanx	Modern Masters 2015	R$ 1,27	Creature — Human Soldier	White	{4}{W}	2	1	R$ 1,27	C	4
Conifer Strider	Dragons of Tarkir	R$ 0,83	Creature — Elemental	Green	{3}{G}	5	1	R$ 0,83	C	1
Conjurer's Bauble	Fifth Dawn	R$ 2,76	Artifact		{1}	0	2	R$ 5,51	C	0
Consecrated by Blood	Magic Origins	R$ 1,10	Enchantment — Aura	Black	{2}{B}{B}	0	4	R$ 4,41	U	0
Consult the Necrosages	Ravnica: City of Guilds	R$ 1,32	Sorcery	Blue/Black	{1}{U}{B}	0	1	R$ 1,32	C	0
Contradict	Dragons of Tarkir	R$ 0,83	Instant	Blue	{3}{U}{U}	0	1	R$ 0,83	C	0
Copper Myr	Planechase	R$ 5,95	Artifact Creature — Myr		{2}	1	1	R$ 5,95	C	1
Copy Enchantment	Ravnica: City of Guilds	R$ 11,58	Enchantment	Blue	{2}{U}	0	1	R$ 11,58	R	0
Coral Eel	Ninth Edition	R$ 1,43	Creature — Fish	Blue	{1}{U}	2	1	R$ 1,43	C	1
Coral Merfolk	Seventh Edition	R$ 1,27	Creature — Merfolk	Blue	{1}{U}	2	2	R$ 2,54	C	1
Creeping Mold	Mirrodin	R$ 1,27	Sorcery	Green	{2}{G}{G}	0	1	R$ 1,27	U	0
Crippling Chill	Khans of Tarkir	R$ 0,99	Instant	Blue	{2}{U}	0	2	R$ 1,98	C	0
Cruel Revival	Onslaught	R$ 1,32	Instant	Black	{4}{B}	0	1	R$ 1,32	C	0
Crumbling Vestige	Oath of the Gatewatch	R$ 1,10	Land	Land		0	1	R$ 1,10	C	0
Crush of Tentacles	Oath of the Gatewatch	R$ 6,12	Sorcery	Blue	{4}{U}{U}	0	1	R$ 6,12	M	0
Crush of Wurms	Judgment	R$ 10,97	Sorcery	Green	{6}{G}{G}{G}	0	1	R$ 10,97	R	0
Custodian of the Trove	Dragons of Tarkir	R$ 0,83	Artifact Creature — Golem		{3}	2	1	R$ 0,83	C	5
Dark Dabbling	Ultimate Masters	R$ 1,10	Instant	Black	{2}{B}	0	2	R$ 2,21	C	0
Dark Heart of the Wood	Ravnica: City of Guilds	R$ 1,38	Enchantment	Black/Green	{B}{G}	0	1	R$ 1,38	U	0
Darksteel Pendant	Darksteel	R$ 1,38	Artifact		{2}	0	1	R$ 1,38	C	0
Daunting Defender	Onslaught	R$ 1,10	Creature — Human Cleric	White	{4}{W}	3	3	R$ 3,31	C	3
Dazzling Reflection	Oath of the Gatewatch	R$ 0,99	Instant	White	{1}{W}	0	2	R$ 1,98	C	0
Deconstruct	Mirrodin	R$ 1,32	Sorcery	Green	{2}{G}	0	1	R$ 1,32	C	0
Deep-Sea Terror	Magic Origins	R$ 0,83	Creature — Serpent	Blue	{4}{U}{U}	6	5	R$ 4,13	C	6
Defeat	The List	R$ 1,10	Sorcery	Black	{1}{B}	0	1	R$ 1,10	C	0
Deluge	Tenth Edition	R$ 2,37	Instant	Blue	{2}{U}	0	1	R$ 2,37	U	0
Demolish	Zendikar	R$ 1,10	Sorcery	Red	{3}{R}	0	1	R$ 1,10	C	0
Demystify	Onslaught	R$ 1,21	Instant	White	{W}	0	2	R$ 2,43	C	0
Devoted Retainer	Champions of Kamigawa	R$ 1,16	Creature — Human Samurai	White	{W}	1	2	R$ 2,32	C	1
Diligent Farmhand	The List	R$ 0,00	Creature — Human Druid	Green	{G}	1	2	R$ 0,00	C	1
Dimir House Guard	Ravnica: City of Guilds	R$ 1,93	Creature — Skeleton	Black	{3}{B}	2	2	R$ 3,86	C	3
Disaster Radius	Rise of the Eldrazi	R$ 2,21	Sorcery	Red	{5}{R}{R}	0	1	R$ 2,21	R	0
Disdainful Stroke	Commander 2016	R$ 1,38	Instant	Blue	{1}{U}	0	14	R$ 19,30	C	0
Disembowel	Ravnica: City of Guilds	R$ 1,10	Instant	Black	{X}{B}	0	1	R$ 1,10	C	0
Distorting Lens	Eighth Edition	R$ 3,03	Artifact		{2}	0	1	R$ 3,03	R	0
Dogpile	Ravnica: City of Guilds	R$ 1,10	Instant	Red	{3}{R}	0	1	R$ 1,10	C	0
Budoka Gardener // Dokai, Weaver of Life	Champions of Kamigawa	R$ 5,46	Legendary Creature — Human Monk	Green		3	1	R$ 5,46	R	3
Doomsday Confluence	Doctor Who	R$ 10,09	Sorcery	Black	{X}{X}{B}	0	1	R$ 10,09	R	0
Dowsing Shaman	Planechase 2012	R$ 1,65	Creature — Centaur Shaman	Green	{4}{G}	3	1	R$ 1,65	U	4
Dragon Arch	Apocalypse	R$ 5,46	Artifact		{5}	0	1	R$ 5,46	U	0
Dragon Blood	Jumpstart 2022	R$ 0,83	Artifact		{3}	0	1	R$ 0,83	U	0
Dragon Fodder	Modern Masters 2017	R$ 1,38	Sorcery	Red	{1}{R}	0	1	R$ 1,38	C	0
Dragon Throne of Tarkir	Khans of Tarkir	R$ 2,76	Legendary Artifact — Equipment		{4}	0	1	R$ 2,76	R	0
Dragon's Eye Sentry	The List	R$ 1,10	Creature — Human Monk	White	{W}	1	1	R$ 1,10	C	3
Drake Familiar	Ravnica: City of Guilds	R$ 1,10	Creature — Drake	Blue	{1}{U}	2	3	R$ 3,31	C	1
Dreadwaters	The List	R$ 1,21	Sorcery	Blue	{3}{U}	0	3	R$ 3,64	C	0
Dromad Purebred	Ravnica: City of Guilds	R$ 1,10	Creature — Camel Beast	White	{4}{W}	1	1	R$ 1,10	C	5
Dromoka Dunecaster	Dragons of Tarkir	R$ 0,83	Creature — Human Wizard	White	{W}	0	2	R$ 1,65	C	2
Dromoka Warrior	Dragons of Tarkir	R$ 0,99	Creature — Human Warrior	White	{1}{W}	3	1	R$ 0,99	C	1
Dryad's Caress	Ravnica: City of Guilds	R$ 1,10	Instant	Green	{4}{G}{G}	0	1	R$ 1,10	C	0
Dutiful Attendant	Dragons of Tarkir	R$ 1,05	Creature — Human Warrior	Black	{2}{B}	1	1	R$ 1,05	C	2
Dutiful Return	Battle for Zendikar	R$ 0,83	Sorcery	Black	{3}{B}	0	1	R$ 0,83	C	0
Efreet Weaponmaster	Khans of Tarkir	R$ 0,83	Creature — Efreet Monk	White/Blue/Red	{3}{U}{R}{W}	4	3	R$ 2,48	C	3
Eldrazi Aggressor	Oath of the Gatewatch	R$ 0,99	Creature — Eldrazi Drone		{2}{R}	2	2	R$ 1,98	C	3
Elemental Bond	Starter Commander Decks	R$ 32,80	Enchantment	Green	{2}{G}	0	6	R$ 196,81	U	0
Elemental Uprising	The List	R$ 1,10	Instant	Green	{1}{G}	0	1	R$ 1,10	C	0
Elvish Pioneer	Eighth Edition	R$ 1,38	Creature — Elf Druid	Green	{G}	1	2	R$ 2,76	C	1
Elvish Visionary	Magic 2013	R$ 1,16	Creature — Elf Shaman	Green	{1}{G}	1	3	R$ 3,47	C	1
Embodiment of Spring	The List	R$ 1,38	Creature — Elemental	Blue	{U}	0	3	R$ 4,13	C	3
Emperor Crocodile	Eternal Masters	R$ 1,16	Creature — Crocodile	Green	{3}{G}	5	2	R$ 2,32	C	5
Enduring Victory	The List	R$ 1,10	Instant	White	{4}{W}	0	1	R$ 1,10	C	0
Enlightened Ascetic	The List	R$ 1,32	Creature — Cat Monk	White	{1}{W}	1	2	R$ 2,65	C	1
Enormous Baloth	Salvat 2005	R$ 0,00	Creature — Beast	Green	{6}{G}	7	2	R$ 0,00	U	7
Enshrouding Mist	Magic Origins	R$ 0,83	Instant	White	{W}	0	1	R$ 0,83	C	0
Erase	Urza's Legacy	R$ 1,27	Instant	White	{W}	0	1	R$ 1,27	C	0
Erg Raiders	Foreign Black Border	R$ 0,00	Creature — Human Warrior	Black	{1}{B}	2	1	R$ 0,00	C	3
Essence Depleter	Oath of the Gatewatch	R$ 1,16	Creature — Eldrazi Drone		{2}{B}	2	1	R$ 1,16	U	3
Ethereal Usher	Ravnica: City of Guilds	R$ 1,65	Creature — Spirit	Blue	{5}{U}	2	1	R$ 1,65	U	3
Expedition Raptor	Archenemy: Nicol Bolas	R$ 1,21	Creature — Bird	White	{3}{W}{W}	2	1	R$ 1,21	C	2
Eyeblight Assassin	Commander Legends	R$ 0,83	Creature — Elf Assassin	Black	{2}{B}	2	3	R$ 2,48	C	2
Eyeblight Massacre	Magic Origins	R$ 1,10	Sorcery	Black	{2}{B}{B}	0	6	R$ 6,62	U	0
Fabricate	Mirrodin	R$ 32,03	Sorcery	Blue	{2}{U}	0	1	R$ 32,03	U	0
Faces of the Past	Scourge	R$ 8,27	Enchantment	Blue	{2}{U}	0	1	R$ 8,27	R	0
Fangren Firstborn	Darksteel	R$ 9,32	Creature — Beast	Green	{1}{G}{G}{G}	4	1	R$ 9,32	R	2
Fangren Pathcutter	Fifth Dawn	R$ 1,27	Creature — Beast	Green	{4}{G}{G}	4	1	R$ 1,27	U	6
Fate Forgotten	Dragons of Tarkir	R$ 0,83	Instant	White	{2}{W}	0	1	R$ 0,83	C	0
Fetid Imp	Magic Origins	R$ 0,83	Creature — Imp	Black	{1}{B}	1	3	R$ 2,48	C	2
Fierce Empath	Scourge	R$ 1,54	Creature — Elf	Green	{2}{G}	1	2	R$ 3,09	C	1
Firefiend Elemental	Magic Origins	R$ 0,83	Creature — Elemental	Red	{3}{R}	3	5	R$ 4,13	C	2
Firewing Phoenix	Ultimate Masters	R$ 1,38	Creature — Phoenix	Red	{3}{R}	4	1	R$ 1,38	U	2
Flame-Kin Zealot	Ravnica: City of Guilds	R$ 1,38	Creature — Elemental Berserker	White/Red	{1}{R}{R}{W}	2	1	R$ 1,38	U	2
Flatten	Dragons of Tarkir	R$ 0,83	Instant	Black	{3}{B}	0	1	R$ 0,83	C	0
Fleshbag Marauder	Game Night	R$ 1,54	Creature — Zombie Warrior	Black	{2}{B}	3	2	R$ 3,09	U	1
Force Away	Khans of Tarkir	R$ 0,83	Instant	Blue	{1}{U}	0	1	R$ 0,83	C	0
Forest	Battle for Zendikar	R$ 1,65	Basic Land — Forest	Land		0	10	R$ 16,54	C	0
Forest	Mirrodin	R$ 1,38	Basic Land — Forest	Land		0	21	R$ 28,94	C	0
Forest	Ninth Edition	R$ 6,89	Basic Land — Forest	Land		0	1	R$ 6,89	C	0
Forest	Odyssey	R$ 2,81	Basic Land — Forest	Land		0	16	R$ 44,99	C	0
Forest	Salvat 2005	R$ 0,00	Basic Land — Forest	Land		0	6	R$ 0,00	C	0
Gather Courage	GRN Guild Kit	R$ 1,10	Instant	Green	{G}	0	2	R$ 2,21	C	0
Get a Leg Up	Murders at Karlov Manor	R$ 0,83	Instant	Green	{G}	0	1	R$ 0,83	U	0
Ghirapur Gearcrafter	Duel Decks: Elves vs. Inventors	R$ 1,32	Creature — Human Artificer	Red	{2}{R}	2	1	R$ 1,32	C	1
Giant Cockroach	Ninth Edition	R$ 1,10	Creature — Insect	Black	{3}{B}	4	1	R$ 1,10	C	2
Giant Growth	Eighth Edition	R$ 1,10	Instant	Green	{G}	0	2	R$ 2,21	C	0
Giant Octopus	Seventh Edition	R$ 1,10	Creature — Octopus	Blue	{3}{U}	3	2	R$ 2,21	C	3
Gift of Tusks	Oath of the Gatewatch	R$ 1,10	Instant	Blue	{U}	0	1	R$ 1,10	U	0
Glacial Stalker	Khans of Tarkir	R$ 0,83	Creature — Elemental	Blue	{5}{U}	4	2	R$ 1,65	C	5
Glass Golem	Ravnica: City of Guilds	R$ 1,38	Artifact Creature — Golem		{5}	6	1	R$ 1,38	U	2
Glimmering Angel	Invasion	R$ 1,16	Creature — Angel	White	{3}{W}	2	1	R$ 1,16	C	2
Glimpse of Nature	Champions of Kamigawa	R$ 38,54	Sorcery	Green	{G}	0	2	R$ 77,07	R	0
Glory Seeker	Onslaught	R$ 1,10	Creature — Human Soldier	White	{1}{W}	2	1	R$ 1,10	C	2
Glowering Rogon	Legions	R$ 1,10	Creature — Beast	Green	{5}{G}	4	1	R$ 1,10	C	4
Gluttonous Zombie	Onslaught	R$ 1,38	Creature — Zombie	Black	{4}{B}	3	3	R$ 4,13	U	3
Goblin Dark-Dwellers	Commander 2020	R$ 1,49	Creature — Goblin	Red	{3}{R}{R}	4	1	R$ 1,49	R	4
Goblin Fire Fiend	Salvat 2005	R$ 0,00	Creature — Goblin Berserker	Red	{3}{R}	1	1	R$ 0,00	C	1
Goblin Freerunner	Oath of the Gatewatch	R$ 0,83	Creature — Goblin Warrior Ally	Red	{3}{R}	3	1	R$ 0,83	C	2
Gold Myr	Neon Dynasty Commander	R$ 1,82	Artifact Creature — Myr		{2}	1	4	R$ 7,28	C	1
Golden Hind	Journey into Nyx	R$ 1,05	Creature — Elk	Green	{1}{G}	2	12	R$ 12,57	C	1
Golgari Brownscale	Ravnica: City of Guilds	R$ 1,32	Creature — Lizard	Green	{1}{G}{G}	2	1	R$ 1,32	C	3
Golgari Signet	Ravnica: City of Guilds	R$ 3,86	Artifact		{2}	0	2	R$ 7,72	C	0
Grasp of Darkness	Oath of the Gatewatch	R$ 1,32	Instant	Black	{B}{B}	0	1	R$ 1,32	U	0
Grasp of the Hieromancer	The List	R$ 1,05	Enchantment — Aura	White	{1}{W}	0	2	R$ 2,09	C	0
Gravepurge	The List	R$ 1,65	Instant	Black	{2}{B}	0	1	R$ 1,65	C	0
Gravity Negator	Oath of the Gatewatch	R$ 0,83	Creature — Eldrazi Drone		{3}{U}	2	2	R$ 1,65	C	3
Grindclock	Scars of Mirrodin	R$ 2,59	Artifact		{2}	0	1	R$ 2,59	R	0
Guardian Automaton	Magic Origins	R$ 0,83	Artifact Creature — Construct		{4}	3	8	R$ 6,62	C	3
Guardian of Vitu-Ghazi	Ravnica: City of Guilds	R$ 1,10	Creature — Elemental	White/Green	{6}{G}{W}	4	1	R$ 1,10	C	7
Guardian Shield-Bearer	The List	R$ 1,10	Creature — Human Soldier	Green	{1}{G}	2	1	R$ 1,10	C	1
Guardians of Meletis	Magic Origins	R$ 0,83	Artifact Creature — Golem		{3}	0	3	R$ 2,48	C	6
Guardians of Meletis	Theros	R$ 0,83	Artifact Creature — Golem		{3}	0	4	R$ 3,31	C	6
Guided Strike	Judgment	R$ 1,10	Instant	White	{1}{W}	0	2	R$ 2,21	C	0
Gustcloak Harrier	Onslaught	R$ 1,10	Creature — Bird Soldier	White	{1}{W}{W}	2	1	R$ 1,10	C	2
Hammer of Ruin	Worldwake	R$ 1,32	Artifact — Equipment		{2}	0	1	R$ 1,32	U	0
Hand of Silumgar	Dragons of Tarkir	R$ 0,83	Creature — Human Warrior	Black	{1}{B}	2	1	R$ 0,83	C	1
Hankyu	Champions of Kamigawa	R$ 1,27	Artifact — Equipment		{1}	0	1	R$ 1,27	U	0
Hardened Berserker	Dragons of Tarkir	R$ 1,05	Creature — Human Berserker	Red	{2}{R}	3	2	R$ 2,09	C	2
Harsh Deceiver	Champions of Kamigawa	R$ 1,10	Creature — Spirit	White	{3}{W}	1	1	R$ 1,10	C	4
Harvester Troll	Oath of the Gatewatch	R$ 1,10	Creature — Troll	Green	{3}{G}	2	1	R$ 1,10	U	3
Haunted Plate Mail	Magic 2015	R$ 1,65	Artifact — Equipment		{4}	0	1	R$ 1,65	R	0
Havengul Runebinder	Midnight Hunt Commander	R$ 1,38	Creature — Human Wizard	Blue	{2}{U}{U}	2	1	R$ 1,38	R	2
Havoc Sower	Oath of the Gatewatch	R$ 1,10	Creature — Eldrazi Drone		{3}{B}	3	1	R$ 1,10	U	3
Healing Hands	Magic Origins	R$ 0,99	Sorcery	White	{2}{W}	0	4	R$ 3,97	C	0
Hearth Kami	Champions of Kamigawa	R$ 1,10	Creature — Spirit	Red	{1}{R}	2	1	R$ 1,10	C	1
Heavy Infantry	Magic Origins	R$ 0,83	Creature — Human Soldier	White	{4}{W}	3	2	R$ 1,65	C	4
Hedron Crawler	Oath of the Gatewatch	R$ 1,38	Artifact Creature — Construct		{2}	0	1	R$ 1,38	C	1
Herald of Dromoka	Dragons of Tarkir	R$ 1,10	Creature — Human Warrior	White	{1}{W}	2	2	R$ 2,21	C	2
Hisoka's Defiance	Champions of Kamigawa	R$ 1,10	Instant	Blue	{1}{U}	0	1	R$ 1,10	C	0
Hitchclaw Recluse	Magic Origins	R$ 0,83	Creature — Spider	Green	{2}{G}	1	4	R$ 3,31	C	4
Holdout Settlement	Oath of the Gatewatch	R$ 1,38	Land	Land		0	1	R$ 1,38	C	0
Hollow Specter	Legions	R$ 2,65	Creature — Specter	Black	{1}{B}{B}	2	1	R$ 2,65	R	2
Horde Ambusher	Khans of Tarkir	R$ 1,16	Creature — Human Berserker	Red	{1}{R}	2	1	R$ 1,16	U	2
Horned Helm	Fifth Dawn	R$ 1,32	Artifact — Equipment		{2}	0	2	R$ 2,65	C	0
Horned Turtle	Magic 2010	R$ 1,10	Creature — Turtle	Blue	{2}{U}	1	2	R$ 2,21	C	4
Humble Budoka	Champions of Kamigawa	R$ 1,10	Creature — Human Monk	Green	{1}{G}	2	1	R$ 1,10	C	2
Hunted Wumpus	Ninth Edition	R$ 1,54	Creature — Beast	Green	{3}{G}	6	2	R$ 3,09	U	6
Imi Statue	Champions of Kamigawa	R$ 2,59	Artifact		{3}	0	1	R$ 2,59	R	0
Incite Hysteria	Ravnica: City of Guilds	R$ 1,10	Sorcery	Red	{2}{R}	0	1	R$ 1,10	C	0
Incremental Growth	Khans of Tarkir	R$ 1,10	Sorcery	Green	{3}{G}{G}	0	2	R$ 2,21	U	0
Indomitable Will	Champions of Kamigawa	R$ 1,10	Enchantment — Aura	White	{1}{W}	0	1	R$ 1,10	C	0
Infernal Scarring	The List	R$ 1,10	Enchantment — Aura	Black	{1}{B}	0	1	R$ 1,10	C	0
Infested Roothold	Darksteel	R$ 1,38	Creature — Wall	Green	{4}{G}	0	1	R$ 1,38	U	3
Inspiration	Eighth Edition	R$ 1,10	Instant	Blue	{3}{U}	0	2	R$ 2,21	C	0
Invigorating Falls	Torment	R$ 1,38	Sorcery	Green	{2}{G}{G}	0	1	R$ 1,38	C	0
Iron Myr	Mirrodin	R$ 2,48	Artifact Creature — Myr		{2}	1	1	R$ 2,48	C	1
Island	Battle for Zendikar	R$ 1,38	Basic Land — Island	Land		0	12	R$ 16,54	C	0
Island	Odyssey	R$ 2,76	Basic Land — Island	Land		0	36	R$ 99,23	C	0
Isolation Zone	The List	R$ 1,10	Enchantment	White	{2}{W}{W}	0	1	R$ 1,10	C	0
Ivy Dancer	Ravnica: City of Guilds	R$ 1,38	Creature — Dryad Shaman	Green	{2}{G}	1	1	R$ 1,38	U	2
Ivy Elemental	Odyssey	R$ 2,65	Creature — Elemental	Green	{X}{G}	0	1	R$ 2,65	R	0
Jeskai Windscout	Khans of Tarkir	R$ 0,99	Creature — Bird Scout	Blue	{2}{U}	2	3	R$ 2,98	C	1
Jori En, Ruin Diver	Duel Decks: Mind vs. Might	R$ 4,13	Legendary Creature — Merfolk Wizard	Blue/Red	{1}{U}{R}	2	1	R$ 4,13	R	3
Junktroller	Ravnica Remastered	R$ 0,83	Artifact Creature — Golem		{4}	0	1	R$ 0,83	U	6
Jwar Isle Avenger	Oath of the Gatewatch	R$ 0,83	Creature — Sphinx	Blue	{4}{U}	3	1	R$ 0,83	C	3
Kashi-Tribe Reaver	Champions of Kamigawa	R$ 1,32	Creature — Snake Warrior	Green	{3}{G}	3	1	R$ 1,32	U	2
Kashi-Tribe Warriors	Champions of Kamigawa	R$ 1,10	Creature — Snake Warrior	Green	{3}{G}{G}	2	1	R$ 1,10	C	4
Keeper of the Lens	Dragons of Tarkir	R$ 0,88	Artifact Creature — Golem		{1}	1	2	R$ 1,76	C	2
Kemuri-Onna	Saviors of Kamigawa	R$ 1,38	Creature — Spirit	Black	{4}{B}	3	1	R$ 1,38	U	3
Kheru Dreadmaw	Khans of Tarkir	R$ 0,83	Creature — Zombie Crocodile	Black	{4}{B}	4	1	R$ 0,83	C	4
Kitsune Healer	Champions of Kamigawa	R$ 1,32	Creature — Fox Cleric	White	{3}{W}	2	1	R$ 1,32	C	2
Kitsune Riftwalker	Champions of Kamigawa	R$ 1,10	Creature — Fox Wizard	White	{1}{W}{W}	2	2	R$ 2,21	C	1
Kodama's Might	Champions of Kamigawa	R$ 1,10	Instant — Arcane	Green	{G}	0	1	R$ 1,10	C	0
Kor Scythemaster	Oath of the Gatewatch	R$ 0,83	Creature — Kor Soldier Ally	White	{2}{W}	3	1	R$ 0,83	C	1
Kor Sky Climber	The List	R$ 1,05	Creature — Kor Soldier Ally	White	{2}{W}	3	1	R$ 1,05	C	2
Kozilek's Pathfinder	Oath of the Gatewatch	R$ 1,10	Creature — Eldrazi		{6}	5	3	R$ 3,31	C	5
Kozilek's Shrieker	Oath of the Gatewatch	R$ 0,83	Creature — Eldrazi Drone		{2}{B}	3	3	R$ 2,48	C	2
Kozilek's Translator	Oath of the Gatewatch	R$ 0,83	Creature — Eldrazi Drone		{4}{B}	3	2	R$ 1,65	C	5
Krosan Avenger	Odyssey	R$ 1,10	Creature — Human Druid	Green	{2}{G}	3	2	R$ 2,21	C	1
Krosan Drover	Scourge	R$ 1,43	Creature — Elf	Green	{3}{G}	2	1	R$ 1,43	C	2
Krosan Groundshaker	Onslaught	R$ 1,38	Creature — Beast	Green	{4}{G}{G}{G}	6	1	R$ 1,38	U	6
Kuro's Taken	Saviors of Kamigawa	R$ 1,93	Creature — Rat Samurai	Black	{1}{B}	1	1	R$ 1,93	C	1
Kutzil, Malamet Exemplar	The Lost Caverns of Ixalan	R$ 4,13	Legendary Creature — Cat Warrior	White/Green	{1}{G}{W}	3	2	R$ 8,27	U	3
Kwende, Pride of Femeref	Jumpstart 2022	R$ 0,83	Legendary Creature — Human Knight	White	{3}{W}	2	1	R$ 0,83	U	2
Kytheon's Tactics	Magic Origins	R$ 0,83	Sorcery	White	{1}{W}{W}	0	2	R$ 1,65	C	0
Lantern Kami	Champions of Kamigawa	R$ 1,32	Creature — Spirit	White	{W}	1	1	R$ 1,32	C	1
Last Gasp	GRN Guild Kit	R$ 1,10	Instant	Black	{1}{B}	0	2	R$ 2,21	C	0
Lead by Example	The List	R$ 1,10	Instant	Green	{1}{G}	0	1	R$ 1,10	C	0
Leaden Myr	Mirrodin	R$ 2,15	Artifact Creature — Myr		{2}	1	1	R$ 2,15	C	1
Leave No Trace	Ravnica: City of Guilds	R$ 1,38	Instant	White	{1}{W}	0	2	R$ 2,76	C	0
Leonin Squire	Fifth Dawn	R$ 1,27	Creature — Cat Soldier	White	{1}{W}	2	1	R$ 1,27	C	2
Leyline Prowler	War of the Spark	R$ 1,38	Creature — Nightmare Beast	Black/Green	{1}{B}{G}	2	1	R$ 1,38	U	3
Lifespark Spellbomb	Mirrodin	R$ 1,10	Artifact		{1}	0	1	R$ 1,10	C	0
Lightwalker	Dragons of Tarkir	R$ 0,83	Creature — Human Warrior	White	{1}{W}	2	3	R$ 2,48	C	1
Lingering Death	Scourge	R$ 1,10	Enchantment — Aura	Black	{1}{B}	0	1	R$ 1,10	C	0
Living Tempest	Zendikar Rising	R$ 0,61	Creature — Elemental	Blue	{4}{U}	3	1	R$ 0,61	C	3
Llanowar Empath	Future Sight	R$ 1,32	Creature — Elf Shaman	Green	{3}{G}	2	9	R$ 11,91	C	2
Loam Larva	Oath of the Gatewatch	R$ 0,83	Creature — Insect	Green	{1}{G}	1	1	R$ 0,83	C	3
Lone Wolf	Eighth Edition	R$ 1,38	Creature — Wolf	Green	{2}{G}	2	3	R$ 4,13	C	2
Lonely Sandbar	Onslaught	R$ 1,65	Land	Land		0	3	R$ 4,96	C	0
Long-Term Plans	Heads I Win, Tails You Lose	R$ 24,09	Instant	Blue	{2}{U}	0	1	R$ 24,09	U	0
Lose Calm	Dragons of Tarkir	R$ 0,83	Sorcery	Red	{3}{R}	0	1	R$ 0,83	C	0
Lost in Thought	Judgment	R$ 1,27	Enchantment — Aura	Blue	{1}{U}	0	2	R$ 2,54	C	0
Lurking Informant	Ravnica: City of Guilds	R$ 1,10	Creature — Human Rogue	Blue/Black	{1}{U/B}	1	1	R$ 1,10	C	2
Mage-Ring Bully	Magic Origins	R$ 0,83	Creature — Human Warrior	Red	{1}{R}	2	1	R$ 0,83	C	2
Maggot Carrier	Eighth Edition	R$ 1,21	Creature — Zombie	Black	{B}	1	2	R$ 2,43	C	1
Magmatic Chasm	Dragons of Tarkir	R$ 0,99	Sorcery	Red	{1}{R}	0	2	R$ 1,98	C	0
Make a Stand	Jumpstart 2022	R$ 1,10	Instant	White	{2}{W}	0	1	R$ 1,10	U	0
Makindi Aeronaut	Oath of the Gatewatch	R$ 0,83	Creature — Kor Scout Ally	White	{1}{W}	1	3	R$ 2,48	C	3
Malakir Cullblade	Magic Origins	R$ 1,38	Creature — Vampire Warrior	Black	{1}{B}	1	5	R$ 6,89	U	1
Manor Gargoyle	Innistrad	R$ 1,93	Artifact Creature — Gargoyle		{5}	4	1	R$ 1,93	R	4
Mantle of Webs	Magic Origins	R$ 0,88	Enchantment — Aura	Green	{1}{G}	0	2	R$ 1,76	C	0
Mardu Blazebringer	Khans of Tarkir	R$ 1,10	Creature — Ogre Warrior	Red	{2}{R}	4	1	R$ 1,10	U	4
Maritime Guard	Magic Origins	R$ 0,83	Creature — Merfolk Soldier	Blue	{1}{U}	1	4	R$ 3,31	C	3
Mausoleum Turnkey	Conspiracy: Take the Crown	R$ 1,38	Creature — Ogre Rogue	Black	{3}{B}	3	1	R$ 1,38	U	2
Metamorphic Wurm	Odyssey	R$ 1,38	Creature — Elephant Wurm	Green	{3}{G}{G}	3	1	R$ 1,38	U	3
Might of the Masses	Double Masters	R$ 1,10	Instant	Green	{G}	0	5	R$ 5,51	C	0
Minamo's Meddling	Betrayers of Kamigawa	R$ 1,21	Instant	Blue	{2}{U}{U}	0	1	R$ 1,21	C	0
Mind Rot	Dragons of Tarkir	R$ 0,83	Sorcery	Black	{2}{B}	0	1	R$ 0,83	C	0
Mind Slash	Eighth Edition	R$ 3,36	Enchantment	Black	{1}{B}{B}	0	1	R$ 3,36	U	0
Mind's Desire	Scourge	R$ 9,32	Sorcery	Blue	{4}{U}{U}	0	1	R$ 9,32	R	0
Mindmelter	Oath of the Gatewatch	R$ 1,38	Creature — Eldrazi Drone		{1}{U}{B}	2	1	R$ 1,38	U	2
Misthoof Kirin	Dragons of Tarkir	R$ 0,99	Creature — Kirin	White	{2}{W}	2	1	R$ 0,99	C	1
Mizzium Meddler	Magic Origins Promos	R$ 1,93	Creature — Vedalken Wizard	Blue	{2}{U}	1	4	R$ 7,72	R	4
Molting Skin	Saviors of Kamigawa	R$ 2,70	Enchantment	Green	{2}{G}	0	1	R$ 2,70	U	0
Molting Snakeskin	Khans of Tarkir	R$ 0,83	Enchantment — Aura	Black	{B}	0	1	R$ 0,83	C	0
Monastery Flock	Khans of Tarkir	R$ 1,05	Creature — Bird	Blue	{2}{U}	0	1	R$ 1,05	C	5
Monstrous Growth	Eighth Edition	R$ 1,10	Sorcery	Green	{1}{G}	0	1	R$ 1,10	C	0
Moonwing Moth	Saviors of Kamigawa	R$ 1,38	Creature — Insect	White	{1}{W}{W}	2	1	R$ 1,38	C	1
Mortipede	Ravnica: City of Guilds	R$ 1,10	Creature — Insect	Black	{3}{B}	4	1	R$ 1,10	C	1
Mountain	Duel Decks: Jace vs. Chandra	R$ 1,38	Basic Land — Mountain	Land		0	7	R$ 9,65	C	0
Mountain	Salvat 2005	R$ 0,00	Basic Land — Mountain	Land		0	16	R$ 0,00	C	0
Murder	Magic 2013	R$ 1,10	Instant	Black	{1}{B}{B}	0	1	R$ 1,10	C	0
Myr Adapter	Mirrodin	R$ 1,10	Artifact Creature — Myr		{3}	1	1	R$ 1,10	C	1
Myr Moonvessel	Darksteel	R$ 1,82	Artifact Creature — Myr		{1}	1	1	R$ 1,82	C	1
Myr Quadropod	Fifth Dawn	R$ 1,32	Artifact Creature — Myr		{4}	1	3	R$ 3,97	C	4
Myr Servitor	Fifth Dawn	R$ 1,38	Artifact Creature — Myr		{1}	1	1	R$ 1,38	C	1
Mystic Meditation	Dragons of Tarkir	R$ 0,99	Sorcery	Blue	{3}{U}	0	1	R$ 0,99	C	0
Mystic of the Hidden Way	Masters 25	R$ 1,10	Creature — Human Monk	Blue	{4}{U}	3	3	R$ 3,31	C	2
Nantuko Blightcutter	Torment	R$ 2,37	Creature — Insect Druid	Green	{2}{G}	2	1	R$ 2,37	R	2
Narcissism	Torment	R$ 1,38	Enchantment	Green	{2}{G}	0	1	R$ 1,38	U	0
Nausea	Eighth Edition	R$ 1,16	Sorcery	Black	{1}{B}	0	1	R$ 1,16	C	0
Necrogen Spellbomb	Mirrodin	R$ 1,32	Artifact		{1}	0	1	R$ 1,32	C	0
Necromantic Summons	Magic Origins	R$ 1,32	Sorcery	Black	{4}{B}	0	2	R$ 2,65	U	0
Necromantic Thirst	Ravnica: City of Guilds	R$ 1,10	Enchantment — Aura	Black	{2}{B}{B}	0	1	R$ 1,10	C	0
Negate	Oath of the Gatewatch	R$ 1,16	Instant	Blue	{1}{U}	0	6	R$ 6,95	C	0
Netcaster Spider	Oath of the Gatewatch	R$ 0,83	Creature — Spider	Green	{2}{G}	2	1	R$ 0,83	C	3
Neurok Hoversail	Mirrodin	R$ 1,10	Artifact — Equipment		{1}	0	3	R$ 3,31	C	0
Nezumi Bone-Reader	Hachette UK	R$ 0,00	Creature — Rat Shaman	Black	{1}{B}	1	2	R$ 0,00	U	1
Nightguard Patrol	Ravnica: City of Guilds	R$ 1,10	Creature — Human Soldier	White	{2}{W}	2	2	R$ 2,21	C	1
Nim Replica	Mirrodin	R$ 1,10	Artifact Creature — Zombie		{3}	3	1	R$ 1,10	C	1
Nimble Mongoose	Odyssey	R$ 2,21	Creature — Mongoose	Green	{G}	1	1	R$ 2,21	U	1
Nissa's Judgment	Ravnica: Clue Edition	R$ 0,94	Sorcery	Green	{4}{G}	0	1	R$ 0,94	U	0
Nissa's Pilgrimage	Commander 2017	R$ 2,32	Sorcery	Green	{2}{G}	0	2	R$ 4,63	C	0
Nissa's Pilgrimage	Magic Origins	R$ 1,65	Sorcery	Green	{2}{G}	0	3	R$ 4,96	C	0
Nivix Barrier	Magic Origins	R$ 0,83	Creature — Illusion Wall	Blue	{3}{U}	0	4	R$ 3,31	C	4
Norwood Ranger	Ninth Edition	R$ 1,38	Creature — Elf Scout Ranger	Green	{G}	1	4	R$ 5,51	C	2
Nourish	Darksteel	R$ 1,10	Instant	Green	{G}{G}	0	1	R$ 1,10	C	0
Nullstone Gargoyle	Ravnica: City of Guilds	R$ 8,27	Artifact Creature — Gargoyle		{9}	4	1	R$ 8,27	R	5
Numai Outcast	Champions of Kamigawa	R$ 1,38	Creature — Human Samurai	Black	{3}{B}	1	1	R$ 1,38	U	1
Oath of Eorl	Tales of Middle-earth Commander	R$ 3,09	Enchantment — Saga	White/Red	{3}{R}{W}	0	1	R$ 3,09	R	0
Oath of Gideon	Oath of the Gatewatch	R$ 1,93	Legendary Enchantment	White	{2}{W}	0	1	R$ 1,93	R	0
Oath of Jace	Commander Masters	R$ 1,49	Legendary Enchantment	Blue	{2}{U}	0	1	R$ 1,49	R	0
Oath of Nissa	Oath of the Gatewatch	R$ 9,37	Legendary Enchantment	Green	{G}	0	1	R$ 9,37	R	0
Oblivion Strike	The List	R$ 0,00	Sorcery		{3}{B}	0	3	R$ 0,00	C	0
Oboro Breezecaller	Saviors of Kamigawa	R$ 1,54	Creature — Moonfolk Wizard	Blue	{1}{U}	1	2	R$ 3,09	C	1
Ojutai Interceptor	The List	R$ 1,10	Creature — Bird Soldier	Blue	{3}{U}	3	2	R$ 2,21	C	1
Omega Myr	Mirrodin	R$ 1,21	Artifact Creature — Myr		{2}	1	1	R$ 1,21	C	2
Ondu War Cleric	The List	R$ 1,10	Creature — Human Cleric Ally	White	{1}{W}	2	1	R$ 1,10	C	2
One Dozen Eyes	Mirrodin	R$ 1,38	Sorcery	Green	{5}{G}	0	2	R$ 2,76	U	0
Orchard Spirit	Innistrad	R$ 1,05	Creature — Spirit	Green	{2}{G}	2	3	R$ 3,14	C	2
Orchard Spirit	Magic Origins	R$ 0,83	Creature — Spirit	Green	{2}{G}	2	2	R$ 1,65	C	2
Ordruun Commando	Ravnica: City of Guilds	R$ 1,05	Creature — Minotaur Soldier	Red	{3}{R}	4	2	R$ 2,09	C	1
Overrun	Odyssey	R$ 3,09	Sorcery	Green	{2}{G}{G}{G}	0	1	R$ 3,09	U	0
Oxidize	Darksteel	R$ 1,76	Instant	Green	{G}	0	1	R$ 1,76	U	0
Palace Familiar	Dragons of Tarkir	R$ 1,05	Creature — Bird	Blue	{1}{U}	1	1	R$ 1,05	C	1
Parallel Thoughts	Scourge	R$ 4,69	Enchantment	Blue	{3}{U}{U}	0	1	R$ 4,69	R	0
Pariah's Shield	Ravnica Remastered	R$ 5,24	Artifact — Equipment		{5}	0	1	R$ 5,24	R	0
Part the Veil	Champions of Kamigawa	R$ 2,43	Instant — Arcane	Blue	{3}{U}	0	1	R$ 2,43	R	0
Peek	Odyssey	R$ 2,65	Instant	Blue	{U}	0	1	R$ 2,65	C	0
Peer Through Depths	Modern Masters	R$ 1,38	Instant — Arcane	Blue	{1}{U}	0	1	R$ 1,38	C	0
Perplex	Ravnica: City of Guilds	R$ 6,56	Instant	Blue/Black	{1}{U}{B}	0	1	R$ 6,56	C	0
Phantasmal Terrain	Fourth Edition	R$ 1,27	Enchantment — Aura	Blue	{U}{U}	0	1	R$ 1,27	C	0
Pharika's Disciple	Magic Origins	R$ 0,99	Creature — Centaur Warrior	Green	{3}{G}	2	4	R$ 3,97	C	3
Pinion Feast	Dragons of Tarkir	R$ 0,83	Instant	Green	{4}{G}	0	1	R$ 0,83	C	0
Plains	Champions of Kamigawa	R$ 2,26	Basic Land — Plains	Land		0	8	R$ 18,08	C	0
Plains	Salvat 2005	R$ 0,00	Basic Land — Plains	Land		0	22	R$ 0,00	C	0
Plated Slagwurm	Mirrodin	R$ 2,70	Creature — Wurm	Green	{4}{G}{G}{G}	8	1	R$ 2,70	R	8
Plea for Guidance	Born of the Gods	R$ 3,58	Sorcery	White	{5}{W}	0	1	R$ 3,58	R	0
Ponyback Brigade	Khans of Tarkir	R$ 0,94	Creature — Goblin Warrior	White/Black/Red	{3}{R}{W}{B}	2	3	R$ 2,81	C	2
Predator's Strike	Mirrodin	R$ 1,32	Instant	Green	{1}{G}	0	4	R$ 5,29	C	0
Press into Service	Oath of the Gatewatch	R$ 1,10	Sorcery	Red	{4}{R}	0	1	R$ 1,10	U	0
Prickleboar	Magic Origins	R$ 0,83	Creature — Boar	Red	{4}{R}	3	2	R$ 1,65	C	3
Primeval Force	Eighth Edition	R$ 1,93	Creature — Elemental	Green	{2}{G}{G}{G}	8	1	R$ 1,93	R	8
Promised Kannushi	Saviors of Kamigawa	R$ 1,21	Creature — Human Druid	Green	{G}	1	1	R$ 1,21	C	1
Prophet of Distortion	Oath of the Gatewatch	R$ 1,38	Creature — Eldrazi Drone		{U}	1	1	R$ 1,38	U	2
Psychic Drain	Ravnica: City of Guilds	R$ 1,82	Sorcery	Blue/Black	{X}{U}{B}	0	1	R$ 1,82	U	0
Pulse of Murasa	Commander 2021	R$ 1,38	Instant	Green	{2}{G}	0	2	R$ 2,76	U	0
Pyrite Spellbomb	The List	R$ 0,00	Artifact		{1}	0	1	R$ 0,00	C	0
Qarsi Sadist	Dragons of Tarkir	R$ 0,88	Creature — Human Cleric	Black	{1}{B}	1	1	R$ 0,88	C	3
Rabid Bloodsucker	The List	R$ 1,10	Creature — Vampire	Black	{4}{B}	3	3	R$ 3,31	C	2
Rag Dealer	Champions of Kamigawa	R$ 1,27	Creature — Human Rogue	Black	{B}	1	1	R$ 1,27	C	1
Rainbow Crow	Invasion	R$ 1,38	Creature — Bird	Blue	{3}{U}	2	1	R$ 1,38	U	2
Rakshasa's Secret	The List	R$ 1,10	Sorcery	Black	{2}{B}	0	1	R$ 1,10	C	0
Rally the Righteous	Ravnica: City of Guilds	R$ 1,32	Instant	White/Red	{1}{R}{W}	0	1	R$ 1,32	C	0
Rampant Growth	Ninth Edition	R$ 2,81	Sorcery	Green	{1}{G}	0	4	R$ 11,25	C	0
Razia, Boros Archangel	Ravnica: City of Guilds	R$ 4,25	Legendary Creature — Angel	White/Red	{4}{R}{R}{W}{W}	6	1	R$ 4,25	R	3
Razorjaw Oni	Commander 2011	R$ 1,38	Creature — Demon Spirit	Black	{3}{B}	4	1	R$ 1,38	U	5
Read the Bones	March of the Machine Commander	R$ 1,38	Sorcery	Black	{2}{B}	0	1	R$ 1,38	C	0
Reality Hemorrhage	The List	R$ 1,10	Instant		{1}{R}	0	1	R$ 1,10	C	0
Reap and Sow	Darksteel	R$ 1,54	Sorcery	Green	{3}{G}	0	1	R$ 1,54	C	0
Reave Soul	Jumpstart 2022	R$ 0,66	Sorcery	Black	{1}{B}	0	2	R$ 1,32	C	0
Reckless Imp	Dragons of Tarkir	R$ 0,83	Creature — Imp	Black	{2}{B}	2	1	R$ 0,83	C	2
Reclaim	Ninth Edition	R$ 7,28	Instant	Green	{G}	0	2	R$ 14,55	C	0
Reclaim	The List	R$ 1,38	Instant	Green	{G}	0	2	R$ 2,76	C	0
Regeneration	Eighth Edition	R$ 1,10	Enchantment — Aura	Green	{1}{G}	0	2	R$ 2,21	C	0
Reki, the History of Kamigawa	Saviors of Kamigawa	R$ 50,00	Legendary Creature — Human Shaman	Green	{2}{G}	1	1	R$ 50,00	R	2
Repel	Odyssey	R$ 1,21	Instant	Blue	{3}{U}	0	2	R$ 2,43	C	0
Returned Centaur	The List	R$ 1,16	Creature — Zombie Centaur	Black	{3}{B}	2	1	R$ 1,16	C	4
Revealing Wind	Dragons of Tarkir	R$ 0,83	Instant	Green	{2}{G}	0	1	R$ 0,83	C	0
Rhox	Eighth Edition	R$ 1,98	Creature — Rhino Beast	Green	{4}{G}{G}	5	1	R$ 1,98	R	5
Rhox Maulers	The List	R$ 1,10	Creature — Rhino Soldier	Green	{4}{G}	4	3	R$ 3,31	C	4
Ring of Three Wishes	Magic 2014	R$ 18,58	Artifact		{5}	0	1	R$ 18,58	M	0
Ringwarden Owl	Magic Origins	R$ 0,94	Creature — Bird	Blue	{3}{U}{U}	3	1	R$ 0,94	C	3
Riptide Director	The List	R$ 4,91	Creature — Human Wizard	Blue	{2}{U}{U}	2	1	R$ 4,91	R	3
Rite of the Serpent	Khans of Tarkir	R$ 0,83	Sorcery	Black	{4}{B}{B}	0	1	R$ 0,83	C	0
Roar of the Wurm	Friday Night Magic 2007	R$ 5,46	Sorcery	Green	{6}{G}	0	1	R$ 5,46	R	0
Rod of Ruin	Eighth Edition	R$ 1,27	Artifact		{4}	0	1	R$ 1,27	U	0
Roiling Waters	Oath of the Gatewatch	R$ 1,10	Sorcery	Blue	{5}{U}{U}	0	1	R$ 1,10	U	0
Roofstalker Wight	Ravnica: City of Guilds	R$ 1,10	Creature — Zombie	Black	{1}{B}	2	1	R$ 1,10	C	1
Root Elemental	Murders at Karlov Manor Commander	R$ 1,10	Creature — Elemental	Green	{4}{G}{G}	6	1	R$ 1,10	R	5
Sabertooth Alley Cat	Ravnica: City of Guilds	R$ 1,10	Creature — Cat	Red	{1}{R}{R}	2	1	R$ 1,10	C	1
Saddleback Lagac	Oath of the Gatewatch	R$ 0,83	Creature — Lizard	Green	{3}{G}	3	2	R$ 1,65	C	1
Sadistic Augermage	Ravnica: City of Guilds	R$ 1,10	Creature — Human Wizard	Black	{2}{B}	3	2	R$ 2,21	C	1
Sakura-Tribe Elder	Murders at Karlov Manor Commander	R$ 5,46	Creature — Snake Shaman	Green	{1}{G}	1	2	R$ 10,92	C	1
Sandcrafter Mage	Dragons of Tarkir	R$ 0,88	Creature — Human Wizard	White	{2}{W}	2	1	R$ 0,88	C	2
Sandsower	Modern Masters	R$ 1,38	Creature — Spirit	White	{3}{W}	1	1	R$ 1,38	U	3
Sandsteppe Scavenger	Dragons of Tarkir	R$ 0,83	Creature — Dog Scout	Green	{4}{G}	2	1	R$ 0,83	C	2
Sandstorm Charger	The List	R$ 1,10	Creature — Beast	White	{4}{W}	3	1	R$ 1,10	C	4
Scaldkin	Khans of Tarkir	R$ 1,05	Creature — Elemental	Blue	{3}{U}	2	1	R$ 1,05	C	2
Scatter the Seeds	Ravnica: City of Guilds	R$ 1,27	Instant	Green	{3}{G}{G}	0	1	R$ 1,27	C	0
Scion of the Wild	Tenth Edition	R$ 2,59	Creature — Avatar	Green	{1}{G}{G}	*	1	R$ 2,59	R	*
Scion Summoner	Jumpstart 2022	R$ 0,83	Creature — Eldrazi Drone		{2}{G}	2	2	R$ 1,65	C	2
Scrapskin Drake	Magic Origins	R$ 0,83	Creature — Zombie Drake	Blue	{2}{U}	2	4	R$ 3,31	C	3
Screamreach Brawler	Dragons of Tarkir	R$ 0,83	Creature — Orc Berserker	Red	{2}{R}	2	1	R$ 0,83	C	3
Screeching Griffin	Ravnica: City of Guilds	R$ 1,10	Creature — Griffin	White	{3}{W}	2	2	R$ 2,21	C	2
Screeching Skaab	Dark Ascension	R$ 0,83	Creature — Zombie	Blue	{1}{U}	2	3	R$ 2,48	C	1
Secluded Steppe	Onslaught	R$ 1,38	Land	Land		0	1	R$ 1,38	C	0
Seed Guardian	Oath of the Gatewatch	R$ 1,10	Creature — Elemental	Green	{2}{G}{G}	3	1	R$ 1,10	U	4
Seer's Lantern	Oath of the Gatewatch	R$ 1,05	Artifact		{3}	0	1	R$ 1,05	C	0
Segmented Krotiq	Dragons of Tarkir	R$ 0,83	Creature — Insect	Green	{5}{G}	6	2	R$ 1,65	C	5
Selesnya Sagittars	Ravnica: City of Guilds	R$ 1,38	Creature — Elf Archer	White/Green	{3}{G}{W}	2	1	R$ 1,38	U	5
Selesnya Sanctuary	GRN Guild Kit	R$ 1,65	Land	Land		0	1	R$ 1,65	C	0
Selesnya Signet	Salvat 2005	R$ 0,00	Artifact		{2}	0	1	R$ 0,00	C	0
Send to Sleep	The List	R$ 1,10	Instant	Blue	{1}{U}	0	2	R$ 2,21	C	0
Separatist Voidmage	Magic Origins	R$ 0,88	Creature — Human Wizard	Blue	{3}{U}	2	3	R$ 2,65	C	2
Serpent Skin	Salvat 2005	R$ 0,00	Enchantment — Aura	Green	{2}{G}	0	1	R$ 0,00	C	0
Serpent Warrior	Seventh Edition	R$ 1,27	Creature — Snake Warrior	Black	{2}{B}	3	2	R$ 2,54	C	3
Sewerdreg	Ravnica: City of Guilds	R$ 1,10	Creature — Spirit	Black	{3}{B}{B}	3	1	R$ 1,10	C	3
Shadows of the Past	Magic Origins	R$ 1,38	Enchantment	Black	{1}{B}	0	5	R$ 6,89	U	0
Shambling Attendants	Khans of Tarkir	R$ 0,99	Creature — Zombie	Black	{7}{B}	3	1	R$ 0,99	C	5
Shambling Ghoul	Jumpstart 2022	R$ 0,83	Creature — Zombie	Black	{1}{B}	2	1	R$ 0,83	C	3
Shape Stealer	Saviors of Kamigawa	R$ 1,82	Creature — Shapeshifter Spirit	Blue	{U}{U}	1	1	R$ 1,82	U	1
Shatter	Mirrodin	R$ 1,10	Instant	Red	{1}{R}	0	2	R$ 2,21	C	0
Shepherd of Rot	The List	R$ 0,00	Creature — Zombie Cleric	Black	{1}{B}	1	1	R$ 0,00	C	1
Shinen of Fear's Chill	Saviors of Kamigawa	R$ 1,27	Creature — Spirit	Black	{4}{B}	3	1	R$ 1,27	C	2
Shinen of Life's Roar	Saviors of Kamigawa	R$ 1,38	Creature — Spirit	Green	{1}{G}	1	1	R$ 1,38	C	2
Shoreline Ranger	Scourge	R$ 1,10	Creature — Bird Soldier Ranger	Blue	{5}{U}	3	1	R$ 1,10	C	4
Shoulder to Shoulder	The List	R$ 1,21	Sorcery	White	{2}{W}	0	2	R$ 2,43	C	0
Sibsig Icebreakers	Dragons of Tarkir	R$ 0,88	Creature — Zombie	Black	{2}{B}	2	1	R$ 0,88	C	3
Sidisi's Pet	Khans of Tarkir	R$ 0,99	Creature — Zombie Ape	Black	{3}{B}	1	3	R$ 2,98	C	4
Siege Wurm	Ravnica: City of Guilds	R$ 1,10	Creature — Wurm	Green	{5}{G}{G}	5	1	R$ 1,10	C	5
Sift Through Sands	Duel Decks: Mind vs. Might	R$ 1,32	Instant — Arcane	Blue	{1}{U}{U}	0	1	R$ 1,32	C	0
Sigiled Starfish	Commander 2018	R$ 1,38	Creature — Starfish	Blue	{1}{U}	0	7	R$ 9,65	U	3
Silumgar Butcher	Dragons of Tarkir	R$ 0,83	Creature — Zombie Djinn	Black	{4}{B}	3	1	R$ 0,83	C	3
Silver Knight	Friday Night Magic 2004	R$ 46,97	Creature — Human Knight	White	{W}{W}	2	4	R$ 187,88	R	2
Silverstorm Samurai	Betrayers of Kamigawa	R$ 1,32	Creature — Fox Samurai	White	{4}{W}{W}	3	1	R$ 1,32	C	3
Singing Bell Strike	The List	R$ 1,10	Enchantment — Aura	Blue	{1}{U}	0	3	R$ 3,31	C	0
Skaab Goliath	Innistrad	R$ 1,10	Creature — Zombie Giant	Blue	{5}{U}	6	1	R$ 1,10	U	9
Skaab Goliath	The List	R$ 1,10	Creature — Zombie Giant	Blue	{5}{U}	6	2	R$ 2,21	U	9
Sky Scourer	Oath of the Gatewatch	R$ 0,88	Creature — Eldrazi Drone		{1}{B}	1	2	R$ 1,76	C	2
Skybind	Journey into Nyx	R$ 2,32	Enchantment	White	{3}{W}{W}	0	1	R$ 2,32	R	0
Skyknight Legionnaire	Ravnica: City of Guilds	R$ 1,10	Creature — Human Knight	White/Red	{1}{R}{W}	2	1	R$ 1,10	C	2
Skyraker Giant	Magic Origins	R$ 1,10	Creature — Giant	Red	{2}{R}{R}	4	4	R$ 4,41	U	3
Slaughter Drone	Oath of the Gatewatch	R$ 0,83	Creature — Eldrazi Drone		{1}{B}	2	2	R$ 1,65	C	2
Smash to Smithereens	Magic Origins	R$ 1,54	Instant	Red	{1}{R}	0	1	R$ 1,54	C	0
Snarling Undorak	Onslaught	R$ 1,10	Creature — Beast	Green	{2}{G}{G}	3	1	R$ 1,10	C	3
Snowhorn Rider	Khans of Tarkir	R$ 1,05	Creature — Human Warrior	Blue/Red/Green	{3}{G}{U}{R}	5	3	R$ 3,14	C	5
Somberwald Alpha	Magic Origins	R$ 1,32	Creature — Wolf	Green	{3}{G}	3	1	R$ 1,32	U	2
Soratami Mirror-Guard	Champions of Kamigawa	R$ 1,21	Creature — Moonfolk Wizard	Blue	{3}{U}	3	2	R$ 2,43	C	1
Soratami Rainshaper	Champions of Kamigawa	R$ 1,32	Creature — Moonfolk Wizard	Blue	{2}{U}	2	2	R$ 2,65	C	1
Sosuke, Son of Seshiro	Champions of Kamigawa	R$ 1,71	Legendary Creature — Snake Warrior	Green	{2}{G}{G}	3	1	R$ 1,71	U	4
Sparkmage's Gambit	Double Masters 2022	R$ 0,77	Sorcery	Red	{1}{R}	0	3	R$ 2,32	C	0
Spawnbinder Mage	Oath of the Gatewatch	R$ 0,83	Creature — Human Wizard Ally	White	{3}{W}	2	2	R$ 1,65	C	4
Spawning Pit	Darksteel	R$ 13,56	Artifact		{2}	0	1	R$ 13,56	U	0
Spidersilk Net	Dragons of Tarkir	R$ 1,10	Artifact — Equipment		{0}	0	1	R$ 1,10	C	0
Spined Wurm	Eighth Edition	R$ 1,10	Creature — Wurm	Green	{4}{G}	5	1	R$ 1,10	C	4
Springing Tiger	Odyssey	R$ 1,21	Creature — Cat	Green	{3}{G}	3	1	R$ 1,21	C	3
Sprinting Warbrute	Dragons of Tarkir	R$ 0,94	Creature — Ogre Berserker	Red	{4}{R}	5	1	R$ 0,94	C	4
Stag Beetle	Onslaught	R$ 5,95	Creature — Insect	Green	{3}{G}{G}	0	1	R$ 5,95	R	0
Stand Firm	Duel Decks: Heroes vs. Monsters	R$ 1,10	Instant	White	{W}	0	1	R$ 1,10	C	0
Stone-Seeder Hierophant	Ravnica: City of Guilds	R$ 1,54	Creature — Human Druid	Green	{2}{G}{G}	1	2	R$ 3,09	C	1
Stone-Tongue Basilisk	Odyssey	R$ 2,48	Creature — Basilisk	Green	{4}{G}{G}{G}	4	1	R$ 2,48	R	5
Stoneforge Acolyte	Oath of the Gatewatch	R$ 1,10	Creature — Kor Artificer Ally	White	{W}	1	1	R$ 1,10	U	2
Stormchaser Mage	Oath of the Gatewatch	R$ 1,54	Creature — Human Wizard	Blue/Red	{U}{R}	1	1	R$ 1,54	U	3
Strands of Undeath	Ravnica: City of Guilds	R$ 1,05	Enchantment — Aura	Black	{3}{B}	0	1	R$ 1,05	C	0
Stratus Walk	Magic Origins	R$ 1,05	Enchantment — Aura	Blue	{1}{U}	0	4	R$ 4,19	C	0
Strength of Cedars	Champions of Kamigawa	R$ 1,38	Instant — Arcane	Green	{4}{G}	0	2	R$ 2,76	U	0
Student of Ojutai	Dragons of Tarkir	R$ 0,88	Creature — Human Monk	White	{3}{W}	2	2	R$ 1,76	C	4
Submerged Boneyard	Zendikar Rising Commander	R$ 1,21	Land	Land		0	1	R$ 1,21	U	0
Subterranean Scout	Jumpstart 2022	R$ 0,83	Creature — Goblin Scout	Red	{1}{R}	2	3	R$ 2,48	C	1
Summit Prowler	The List	R$ 1,16	Creature — Yeti	Red	{2}{R}{R}	4	3	R$ 3,47	C	3
Sundering Vitae	Modern Masters 2015	R$ 1,27	Instant	Green	{2}{G}	0	1	R$ 1,27	C	0
Sunhome, Fortress of the Legion	Commander 2021	R$ 1,43	Land	Land		0	1	R$ 1,43	U	0
Sunpetal Grove	Commander 2016	R$ 21,23	Land	Land		0	1	R$ 21,23	R	0
Suntail Hawk	Ninth Edition	R$ 1,38	Creature — Bird	White	{W}	1	2	R$ 2,76	C	1
Suppression Bonds	The List	R$ 1,10	Enchantment — Aura	White	{3}{W}	0	1	R$ 1,10	C	0
Swamp	Battle for Zendikar	R$ 1,38	Basic Land — Swamp	Land		0	10	R$ 13,78	C	0
Swamp	Odyssey	R$ 2,48	Basic Land — Swamp	Land		0	13	R$ 32,25	C	0
Swift Kick	Jumpstart 2022	R$ 0,83	Instant	Red	{3}{R}	0	1	R$ 0,83	C	0
Sylvan Advocate	Duel Decks: Elves vs. Inventors	R$ 1,93	Creature — Elf Druid Ally	Green	{1}{G}	2	1	R$ 1,93	R	3
Sylvan Might	Odyssey	R$ 1,38	Instant	Green	{1}{G}	0	1	R$ 1,38	U	0
Sylvok Explorer	Commander 2016	R$ 1,38	Creature — Human Druid	Green	{1}{G}	1	2	R$ 2,76	C	1
Syphon Mind	Onslaught	R$ 3,86	Sorcery	Black	{3}{B}	0	1	R$ 3,86	C	0
Taigam's Scheming	Khans of Tarkir	R$ 1,10	Sorcery	Blue	{1}{U}	0	1	R$ 1,10	C	0
Tail Slash	Dragons of Tarkir	R$ 0,83	Instant	Red	{2}{R}	0	1	R$ 0,83	C	0
Taj-Nar Swordsmith	Commander 2017	R$ 1,93	Creature — Cat Soldier	White	{3}{W}	2	1	R$ 1,93	U	3
Tajuru Pathwarden	The List	R$ 1,10	Creature — Elf Warrior Ally	Green	{4}{G}	5	1	R$ 1,10	C	4
Tangle Golem	Darksteel	R$ 1,21	Artifact Creature — Golem		{7}	5	3	R$ 3,64	C	4
Tar Snare	Oath of the Gatewatch	R$ 0,83	Instant	Black	{2}{B}	0	2	R$ 1,65	C	0
Tattered Drake	Ravnica: City of Guilds	R$ 1,10	Creature — Zombie Drake	Blue	{4}{U}	2	2	R$ 2,21	C	2
Teferi's Honor Guard	Visions	R$ 1,38	Creature — Human Knight	White	{2}{W}	2	1	R$ 1,38	U	2
Tel-Jilad Wolf	Darksteel	R$ 1,10	Creature — Wolf	Green	{2}{G}	2	1	R$ 1,10	C	2
Terashi's Cry	Champions of Kamigawa	R$ 1,10	Sorcery — Arcane	White	{3}{W}	0	1	R$ 1,10	C	0
Thought Dissector	Darksteel	R$ 2,59	Artifact		{4}	0	1	R$ 2,59	R	0
Thought Harvester	Oath of the Gatewatch	R$ 1,32	Creature — Eldrazi Drone		{3}{U}	2	1	R$ 1,32	U	4
Thoughtpicker Witch	Ravnica: City of Guilds	R$ 1,38	Creature — Human Wizard	Black	{B}	1	2	R$ 2,76	C	1
Throttle	Khans of Tarkir	R$ 0,83	Instant	Black	{4}{B}	0	1	R$ 0,83	C	0
Thundersong Trumpeter	Modern Masters 2017	R$ 1,38	Creature — Human Soldier	White/Red	{R}{W}	2	3	R$ 4,13	U	1
Thunderstaff	Darksteel	R$ 1,38	Artifact		{3}	0	1	R$ 1,38	U	0
Tidewater Minion	Ravnica: City of Guilds	R$ 1,32	Creature — Elemental Minion	Blue	{3}{U}{U}	4	2	R$ 2,65	C	4
Timberpack Wolf	Magic Origins	R$ 0,99	Creature — Wolf	Green	{1}{G}	2	3	R$ 2,98	C	2
Titan's Strength	Magic Origins	R$ 1,38	Instant	Red	{R}	0	2	R$ 2,76	C	0
Titanic Bulvox	Scourge	R$ 1,10	Creature — Beast	Green	{6}{G}{G}	7	2	R$ 2,21	C	4
Topan Freeblade	Game Night 2019	R$ 1,21	Creature — Human Soldier	White	{1}{W}	2	2	R$ 2,43	C	2
Tormented Thoughts	Magic Origins	R$ 1,10	Sorcery	Black	{2}{B}	0	6	R$ 6,62	U	0
Tormenting Voice	Iconic Masters	R$ 1,21	Sorcery	Red	{1}{R}	0	2	R$ 2,43	C	0
Tranquil Thicket	Onslaught	R$ 1,65	Land	Land		0	1	R$ 1,65	C	0
Transluminant	Ravnica: City of Guilds	R$ 1,10	Creature — Dryad Shaman	Green	{1}{G}	2	2	R$ 2,21	C	2
Treetop Bracers	Tenth Edition	R$ 1,27	Enchantment — Aura	Green	{1}{G}	0	1	R$ 1,27	C	0
Trumpet Blast	Iconic Masters	R$ 1,05	Instant	Red	{2}{R}	0	1	R$ 1,05	C	0
Tundra Wolves	Tenth Edition	R$ 1,16	Creature — Wolf	White	{W}	1	1	R$ 1,16	C	1
Tunnel	Fourth Edition Foreign Black Border	R$ 0,00	Instant	Red	{R}	0	1	R$ 0,00	U	0
Twigwalker	Odyssey	R$ 1,38	Creature — Insect	Green	{2}{G}	2	1	R$ 1,38	U	2
Twin Bolt	Dragons of Tarkir	R$ 1,05	Instant	Red	{1}{R}	0	1	R$ 1,05	C	0
Umara Entangler	Oath of the Gatewatch	R$ 0,83	Creature — Merfolk Rogue Ally	Blue	{1}{U}	2	1	R$ 0,83	C	1
Undead Servant	Magic Origins	R$ 0,83	Creature — Zombie	Black	{3}{B}	3	1	R$ 0,83	C	2
Undercity Shade	Ravnica: City of Guilds	R$ 1,38	Creature — Shade	Black	{4}{B}	1	1	R$ 1,38	U	1
Undercity Troll	Magic Origins	R$ 1,10	Creature — Troll	Green	{1}{G}	2	5	R$ 5,51	U	2
Unholy Hunger	Magic Origins	R$ 1,05	Instant	Black	{3}{B}{B}	0	1	R$ 1,05	C	0
Unity of Purpose	Oath of the Gatewatch	R$ 1,10	Instant	Blue	{3}{U}	0	2	R$ 2,21	U	0
Unknown Shores	Oath of the Gatewatch	R$ 1,05	Land	Land		0	2	R$ 2,09	C	0
Untamed Hunger	Welcome Deck 2017	R$ 0,83	Enchantment — Aura	Black	{2}{B}	0	2	R$ 1,65	C	0
Updraft Elemental	Dragons of Tarkir	R$ 0,83	Creature — Elemental	Blue	{2}{U}	1	1	R$ 0,83	C	4
Valeron Wardens	Magic Origins	R$ 1,10	Creature — Human Monk	Green	{2}{G}	1	5	R$ 5,51	U	3
Vampire Envoy	Jumpstart 2022	R$ 0,83	Creature — Vampire Cleric Ally	Black	{2}{B}	1	1	R$ 0,83	C	4
Vandalize	Dragons of Tarkir	R$ 0,83	Sorcery	Red	{4}{R}	0	1	R$ 0,83	C	0
Vastwood Gorger	Magic Origins	R$ 0,83	Creature — Wurm	Green	{5}{G}	5	4	R$ 3,31	C	6
Vengeance	Seventh Edition	R$ 1,38	Sorcery	White	{3}{W}	0	1	R$ 1,38	U	0
Vengeful Dead	Starter Commander Decks	R$ 3,36	Creature — Zombie	Black	{3}{B}	3	1	R$ 3,36	C	2
Veteran's Sidearm	Magic Origins	R$ 0,83	Artifact — Equipment		{2}	0	8	R$ 6,62	C	0
Viashino Fangtail	Ravnica: City of Guilds	R$ 1,27	Creature — Lizard Warrior	Red	{2}{R}{R}	3	2	R$ 2,54	C	3
Vine Snare	Magic Origins	R$ 1,05	Instant	Green	{2}{G}	0	4	R$ 4,19	C	0
Viridian Longbow	Mirrodin	R$ 5,51	Artifact — Equipment		{1}	0	1	R$ 5,51	C	0
Void Grafter	Oath of the Gatewatch	R$ 1,54	Creature — Eldrazi Drone		{1}{G}{U}	2	2	R$ 3,09	U	4
Void Shatter	Oath of the Gatewatch	R$ 1,38	Instant		{1}{U}{U}	0	1	R$ 1,38	U	0
Volcanic Rambler	Magic Origins	R$ 0,83	Creature — Elemental	Red	{5}{R}	6	2	R$ 1,65	C	4
Volcanic Rush	The List	R$ 1,10	Instant	Red	{4}{R}	0	1	R$ 1,10	C	0
Vorrac Battlehorns	Mirrodin	R$ 5,46	Artifact — Equipment		{2}	0	1	R$ 5,46	C	0
Voyage's End	Theros	R$ 0,83	Instant	Blue	{1}{U}	0	1	R$ 0,83	C	0
Vulshok Battlegear	Commander Masters	R$ 0,83	Artifact — Equipment		{3}	0	1	R$ 0,83	C	0
Vulshok Gauntlets	Mirrodin	R$ 1,10	Artifact — Equipment		{2}	0	1	R$ 1,10	C	0
Vulturous Aven	Dragons of Tarkir	R$ 0,83	Creature — Bird Shaman	Black	{3}{B}	2	1	R$ 0,83	C	3
Walker of Secret Ways	Salvat 2005	R$ 0,00	Creature — Human Ninja	Blue	{2}{U}	1	1	R$ 0,00	U	2
Walker of the Wastes	Oath of the Gatewatch	R$ 1,38	Creature — Eldrazi		{4}{C}	4	1	R$ 1,38	U	4
Wandering Tombshell	Dragons of Tarkir	R$ 1,05	Creature — Zombie Turtle	Black	{3}{B}	1	2	R$ 2,09	C	6
Warden of Geometries	Jumpstart 2022	R$ 1,05	Creature — Eldrazi Drone		{4}	2	2	R$ 2,09	C	3
Warping Wail	Oath of the Gatewatch	R$ 2,65	Instant		{1}{C}	0	1	R$ 2,65	U	0
Warrior's Honor	Anthologies	R$ 1,38	Instant	White	{2}{W}	0	1	R$ 1,38	C	0
Waste Away	Torment	R$ 1,21	Instant	Black	{4}{B}	0	1	R$ 1,21	C	0
Wastes	Oath of the Gatewatch	R$ 4,13	Basic Land	Land		0	15	R$ 62,02	C	0
Watchwolf	GRN Guild Kit	R$ 1,43	Creature — Wolf	White/Green	{G}{W}	3	1	R$ 1,43	U	3
Watercourser	Battlebond	R$ 1,05	Creature — Elemental	Blue	{2}{U}	2	3	R$ 3,14	C	3
Waterlogged Hulk // Watertight Gondola	The Lost Caverns of Ixalan	R$ 0,83	Artifact	Blue	{U}	0	1	R$ 0,83	U	0
Wayfarer's Bauble	Starter Commander Decks	R$ 1,54	Artifact		{1}	0	4	R$ 6,17	C	0
Weapons Trainer	Double Masters	R$ 1,21	Creature — Human Soldier Ally	White/Red	{R}{W}	3	1	R$ 1,21	U	2
Weave Fate	Magic Origins	R$ 1,10	Instant	Blue	{3}{U}	0	1	R$ 1,10	C	0
Weird Harvest	Ninth Edition	R$ 81,26	Sorcery	Green	{X}{G}{G}	0	1	R$ 81,26	R	0
Werebear	Dominaria Remastered	R$ 1,10	Creature — Human Bear Druid	Green	{1}{G}	1	2	R$ 2,21	C	1
Wetland Sambar	Khans of Tarkir	R$ 0,99	Creature — Elk	Blue	{1}{U}	2	2	R$ 1,98	C	1
Whirlwind Adept	Khans of Tarkir	R$ 0,83	Creature — Djinn Monk	Blue	{4}{U}	4	1	R$ 0,83	C	2
White Knight	Legions	R$ 1,38	Creature — Human Knight	White	{W}{W}	2	4	R$ 5,51	U	2
Wild Instincts	Magic Origins	R$ 0,83	Sorcery	Green	{3}{G}	0	2	R$ 1,65	C	0
Wing Snare	Eighth Edition	R$ 1,27	Sorcery	Green	{2}{G}	0	2	R$ 2,54	U	0
Wirefly Hive	Darksteel	R$ 1,38	Artifact		{3}	0	1	R$ 1,38	U	0
Witness the End	Oath of the Gatewatch	R$ 0,83	Sorcery		{3}{B}	0	1	R$ 0,83	C	0
Wizard's Retort	The List	R$ 1,38	Instant	Blue	{1}{U}{U}	0	1	R$ 1,38	U	0
Wurm's Tooth	Darksteel	R$ 1,38	Artifact		{2}	0	2	R$ 2,76	U	0
Yeva's Forcemage	Magic Origins	R$ 0,83	Creature — Elf Shaman	Green	{2}{G}	2	3	R$ 2,48	C	2
Yeva, Nature's Herald	Magic 2013	R$ 5,84	Legendary Creature — Elf Shaman	Green	{2}{G}{G}	4	1	R$ 5,84	R	4
Yoked Ox	Core Set 2020	R$ 0,88	Creature — Ox	White	{W}	0	3	R$ 2,65	C	4
Zada's Commando	The List	R$ 1,32	Creature — Goblin Archer Ally	Red	{1}{R}	2	2	R$ 2,65	C	1
Zendikar Resurgent	Commander 2017	R$ 17,20	Enchantment	Green	{5}{G}{G}	0	1	R$ 17,20	R	0
Zephyr Spirit	Ravnica: City of Guilds	R$ 1,10	Creature — Spirit	Blue	{5}{U}	0	2	R$ 2,21	C	6
Zulaport Cutthroat	Battle for Zendikar	R$ 7,17	Creature — Human Rogue Ally	Black	{1}{B}	1	1	R$ 7,17	U	1
